User_Name;Repo_Name;Commits_On_Main;Open_Issues;Closed_Issues;Contributors;Total_Lines;Most_Used_Language;Max_Lang_Lines
freeCodeCamp;freeCodeCamp;30008;148;15698;4403;1901826;JavaScript;899337
996icu;996.ICU;3189;16718;1922;641;0;None;0
EbookFoundation;free-programming-books;7021;33;670;1933;0;None;0
jwasham;coding-interview-university;1890;47;288;235;0;None;0
vuejs;vue;3226;563;9362;404;2926351;JavaScript;2858422
kamranahmedse;developer-roadmap;1058;118;485;129;141136;TypeScript;131868
sindresorhus;awesome;1030;37;280;518;0;None;0
facebook;react;14798;976;10456;1543;6134554;JavaScript;5863136
public-apis;public-apis;4478;7;358;1263;41831;Python;40479
tensorflow;tensorflow;126118;2685;31840;3078;182269273;C++;113294961
donnemartin;system-design-primer;323;290;63;112;58449;Python;57260
twbs;bootstrap;21523;427;20792;1285;1983846;JavaScript;828804
getify;You-Dont-Know-JS;1783;133;806;176;0;None;0
CyC2018;CS-Notes;3776;155;436;231;0;None;0
ohmyzsh;ohmyzsh;6560;578;3923;2027;1671980;Shell;1643709
flutter;flutter;27816;10482;55375;984;47090081;Dart;46648533
trekhleb;javascript-algorithms;1030;233;185;192;688054;JavaScript;687984
github;gitignore;3520;220;3708;1252;0;None;0
TheAlgorithms;Python;2392;250;912;796;2238209;Python;2238209
danistefanovic;build-your-own-x;416;211;326;72;0;None;0
microsoft;vscode;93987;5802;3;1597;42209725;TypeScript;39496139
torvalds;linux;1074149;320;444;5000;1010494838;C;992154603
airbnb;javascript;1915;137;3;481;78042;JavaScript;78042
Snailclimb;JavaGuide;3917;67;682;294;6308;Java;6308
jackfrued;Python-100-Days;365;626;93;12;558902;Python;233081
vinta;awesome-python;1624;238;275;393;3196;Python;2959
ytdl-org;youtube-dl;18562;4901;20748;768;5832604;Python;5812645
ossu;computer-science;915;11;551;121;0;None;0
jlevy;the-art-of-command-line;1191;206;88;162;0;None;0
facebook;react-native;24249;2172;20572;2296;19449402;JavaScript;8948220
labuladong;fucking-algorithm;295;62;3;97;945466;Markdown;945466
d3;d3;4322;4;2098;122;2162;JavaScript;2162
electron;electron;26042;1605;15074;1108;5966652;C++;3377465
golang;go;51467;7645;41453;1776;49369165;Go;43951081
facebook;create-react-app;2753;1510;3;877;3099055;JavaScript;3047090
axios;axios;1086;324;3269;319;244244;JavaScript;228751
30-seconds;30-seconds-of-code;5440;6;277;264;94;JavaScript;94
justjavac;free-programming-books-zh_CN;911;28;404;114;0;None;0
nodejs;node;35772;1650;12947;3093;18827367;JavaScript;11532366
kubernetes;kubernetes;106813;2207;38741;3180;62003632;Go;59918548
microsoft;terminal;2869;1456;3;313;17627791;C++;16675667
denoland;deno;7051;799;4865;675;4930960;Rust;3111654
vercel;next.js;10748;1109;11191;2058;11088672;JavaScript;8451796
angular;angular;24007;1635;22123;1550;26211443;TypeScript;22252885
mrdoob;three.js;39848;474;10636;1599;13704614;JavaScript;7456985
microsoft;TypeScript;33085;5445;27825;639;114752237;TypeScript;114741918
ant-design;ant-design;21633;797;22442;1580;3012062;TypeScript;1323995
puppeteer;puppeteer;2465;1814;3434;405;1705078;TypeScript;1241240
mui-org;material-ui;19147;1020;14191;2453;6293549;JavaScript;3780125
animate-css;animate.css;656;29;795;123;45779;CSS;31024
PanJiaChen;vue-element-admin;1017;1142;3;123;503860;Vue;350124
goldbergyoni;nodebestpractices;3588;36;262;211;14610;JavaScript;8812
avelino;awesome-go;4075;14;3;1559;13909;Go;13909
tensorflow;models;7799;1303;5667;755;23166178;Python;21231744
iluwatar;java-design-patterns;3202;267;474;272;3701092;Java;3666758
awesome-selfhosted;awesome-selfhosted;4863;157;557;999;13027;JavaScript;7426
MisterBooo;LeetCodeAnimation;246;12;42;15;568220;Java;565397
laravel;laravel;6689;31;4175;600;103196;PHP;83315
storybookjs;storybook;38710;1710;7160;1459;4463019;TypeScript;4003198
FortAwesome;Font-Awesome;3;5758;3;2;4640922;JavaScript;3333655
nvbn;thefuck;1624;250;434;175;539179;Python;538509
microsoft;PowerToys;5750;2317;11038;267;5640348;C#;2939972
vuejs;awesome-vue;4748;29;179;2055;0;None;0
gothinkster;realworld;648;63;439;74;483;Shell;483
yangshun;tech-interview-handbook;505;8;38;109;130729;JavaScript;88209
moby;moby;43615;4239;17337;2155;9322899;Go;9023024
rust-lang;rust;164057;8345;34902;3662;53486080;Rust;52309182
django;django;30544;160;15279;2190;16208993;Python;15743804
tonsky;FiraCode;543;305;868;104;48737;Clojure;24327
ryanmcdermott;clean-code-javascript;540;54;78;109;58340;JavaScript;58340
bitcoin;bitcoin;32839;1031;6152;855;14242328;C++;9559640
practical-tutorials;project-based-learning;562;17;38;95;0;None;0
webpack;webpack;15004;285;8701;714;4929291;JavaScript;4909318
angular;angular.js;9069;469;8646;1703;6937859;JavaScript;6811028
doocs;advanced-java;616;3;122;31;6748;Java;6564
Genymobile;scrcpy;1762;939;1851;95;850982;C;627645
spring-projects;spring-boot;36563;579;24146;886;21147428;Java;20537147
opencv;opencv;31642;2075;3;1364;40322152;C++;34454845
typicode;json-server;848;609;445;70;85474;JavaScript;81947
apple;swift;132748;516;41040;932;92814840;C++;46090855
hakimel;reveal.js;2875;690;1490;291;480735;JavaScript;278820
elastic;elasticsearch;63257;3807;25951;1720;123533104;Java;123148305
pallets;flask;4562;14;3;646;513171;Python;512687
thedaviddias;Front-End-Checklist;694;4;129;110;0;None;0
reduxjs;redux;3483;54;1898;894;175688;TypeScript;133484
netdata;netdata;13478;280;6360;502;19866578;C;14797040
atom;atom;38489;813;16080;489;5117782;JavaScript;4517641
gohugoio;hugo;6884;701;5208;730;4351005;Go;4305401
huggingface;transformers;9126;451;8444;1116;24291000;Python;24182248
trimstray;the-book-of-secret-knowledge;1066;8;190;101;0;None;0
jquery;jquery;6561;82;2093;277;1284890;JavaScript;1202365
chartjs;Chart.js;4168;137;6213;406;1245348;JavaScript;1223976
expressjs;express;5688;155;3562;280;477782;JavaScript;477385
xingshaocheng;architect-awesome;305;61;19;37;0;None;0
socketio;socket.io;1907;113;3065;206;184791;TypeScript;184709
kdn251;interviews;445;104;18;30;674404;Java;674404
macrozheng;mall;770;25;396;8;2734827;Java;2732137
gin-gonic;gin;1546;492;1386;350;494088;Go;492027
nvm-sh;nvm;2063;344;1432;312;402609;Shell;393519
sveltejs;svelte;6657;692;3669;483;1295922;TypeScript;754012
tailwindlabs;tailwindcss;4547;25;2163;220;983775;JavaScript;774647
papers-we-love;papers-we-love;832;27;123;251;1257;Shell;1257
kelseyhightower;nocode;4;4148;546;8;13;Dockerfile;13
coder;code-server;3216;246;2545;164;347739;TypeScript;271949
resume;resume.github.com;263;49;56;52;42014;JavaScript;19277
rails;rails;83180;608;15053;4475;15588581;Ruby;14829313
neovim;neovim;20684;1526;6551;761;28331251;Vim script;12398685
apache;echarts;8534;2048;13273;155;4487679;TypeScript;4022714
mtdvio;every-programmer-should-know;249;36;17;70;0;None;0
scikit-learn;scikit-learn;27980;2439;3;2253;10992578;Python;9969951
home-assistant;core;46934;1677;25989;2820;44310437;Python;44302275
Hack-with-Github;Awesome-Hacking;113;24;74;21;0;None;0
awesomedata;awesome-public-datasets;745;112;46;157;0;None;0
jaywcjlove;awesome-mac;1668;125;233;399;9824;JavaScript;9824
florinpop17;app-ideas;532;284;31;68;0;None;0
enaqx;awesome-react;1931;123;68;604;0;None;0
necolas;normalize.css;360;72;447;45;6138;CSS;6138
moment;moment;3961;193;3800;590;10423308;JavaScript;10392947
grafana;grafana;33867;2292;21377;1656;24303118;TypeScript;14328473
ionic-team;ionic-framework;11415;655;3;423;5193713;TypeScript;2258679
azl397985856;leetcode;1595;13;3;71;16764;JavaScript;14224
ReactiveX;RxJava;5966;10;3069;283;16340649;Java;16324626
spring-projects;spring-framework;23771;1273;20595;614;41665201;Java;41032659
remix-run;react-router;5232;64;6251;717;280333;TypeScript;253298
sdmg15;Best-websites-a-programmer-should-visit;1065;625;56;247;0;None;0
godotengine;godot;41841;7267;26391;1599;41749825;C++;37580858
google;material-design-icons;157;218;880;26;0;None;0
jekyll;jekyll;11461;175;4434;982;1001508;Ruby;706933
iptv-org;iptv;19205;330;1828;153;49914;JavaScript;49914
NARKOZ;hacker-scripts;148;67;37;50;62763;JavaScript;10236
tesseract-ocr;tesseract;5950;357;1934;143;7878732;C++;7568988
google;guava;5761;737;2688;271;25850066;Java;25836681
nestjs;nest;10244;101;3988;296;2011218;TypeScript;2008396
TheAlgorithms;Java;1567;24;602;345;1078460;Java;1078460
meteor;meteor;31972;119;8587;649;8278106;JavaScript;7640809
apache;superset;11115;1077;6911;739;17945266;TypeScript;6195633
soimort;you-get;2421;386;869;209;565567;Python;562113
ageitgey;face_recognition;219;680;557;45;44111;Python;34987
scrapy;scrapy;9112;772;2090;446;1914622;Python;1909563
kon9chunkit;GitHub-Chinese-Top-Charts;210;82;144;8;125;Java;125
python;cpython;112530;1585;30068;1788;50275143;Python;32368507
strapi;strapi;20440;624;5650;731;6483128;JavaScript;6464033
wasabeef;awesome-android-ui;457;14;91;71;0;None;0
minimaxir;big-list-of-naughty-strings;273;86;29;72;3618;Python;1808
aymericdamien;TensorFlow-Examples;250;213;68;66;9787447;Jupyter Notebook;9651010
prettier;prettier;6624;1029;4566;573;2946964;JavaScript;2448127
square;okhttp;5056;128;3456;250;3545159;Kotlin;2663597
juliangarnier;anime;736;183;481;52;125954;JavaScript;125954
junegunn;fzf;2090;280;1852;196;590547;Go;410474
git;git;66016;93;955;1522;19799311;C;9873599
yarnpkg;yarn;2351;1964;3;521;1627294;JavaScript;1605879
prometheus;prometheus;9790;623;4032;672;4544009;Go;3960980
babel;babel;15095;787;7419;1008;3867906;TypeScript;2050168
ziishaned;learn-regex;327;59;33;99;0;None;0
deepfakes;faceswap;1411;24;710;79;2601623;Python;2572010
android;architecture-samples;706;194;284;51;220915;Kotlin;220915
lydiahallie;javascript-questions;1223;76;128;172;0;None;0
3b1b;manim;4442;324;625;136;746385;Python;703081
tiangolo;fastapi;1978;1429;1779;295;1915351;Python;1913130
JetBrains;kotlin;91560;133;4596;535;80463237;Kotlin;63222403
microsoft;Web-Dev-For-Beginners;1256;10;173;130;103125;JavaScript;80966
astaxie;build-web-application-with-golang;5176;111;181;382;422209;Go;372564
TryGhost;Ghost;15626;55;6251;391;5607298;JavaScript;5277634
square;retrofit;1943;162;2423;164;1214440;Java;1171099
mermaid-js;mermaid;4388;603;1111;300;1812577;JavaScript;1240463
v2ray;v2ray-core;5387;26;3;90;1518600;Go;1480524
vsouza;awesome-ios;6218;20;444;847;44;Swift;44
prakhar1989;awesome-courses;539;54;34;128;0;None;0
Dogfalo;materialize;3878;806;4582;261;641399;JavaScript;460979
nwjs;nw.js;4632;887;6130;104;3599086;JavaScript;1542304
Solido;awesome-flutter;1760;38;817;304;92616;Dart;92616
etcd-io;etcd;17708;178;5552;689;5458229;Go;5204191
k88hudson;git-flight-rules;433;14;52;117;0;None;0
gogs;gogs;5604;794;4058;472;1467651;Go;1330787
x64dbg;x64dbg;4824;500;1618;92;5167801;C++;4016943
localstack;localstack;2960;365;2989;417;4345963;Python;4283775
JuliaLang;julia;51474;4138;17759;1244;16476187;Julia;11234012
vercel;hyper;3032;762;2718;267;296928;TypeScript;285175
facebook;jest;6018;1590;5272;1317;3725805;TypeScript;2809645
iamkun;dayjs;1376;441;654;279;547540;JavaScript;547540
bailicangdu;vue2-elm;508;92;482;13;490973;Vue;430706
karan;Projects;182;77;32;16;0;None;0
DefinitelyTyped;DefinitelyTyped;79661;775;7099;5000;39666726;TypeScript;39645760
mozilla;pdf.js;15403;347;7767;356;4656932;JavaScript;4541014
Alamofire;Alamofire;1537;32;2577;234;1520811;Swift;1520057
justjavac;awesome-wechat-weapp;584;2;285;182;0;None;0
binhnguyennus;awesome-scalability;1115;11;54;16;0;None;0
apache;dubbo;5366;399;4671;382;11850568;Java;11795164
FreeCodeCampChina;freecodecamp.cn;8845;152;444;314;4377697;CSS;3311694
impress;impress.js;399;63;400;80;420342;JavaScript;371250
tldr-pages;tldr;9904;196;728;1703;3641911;Markdown;3610513
alacritty;alacritty;1960;310;3802;360;972634;Rust;937942
Unitech;pm2;4970;565;3943;265;897533;JavaScript;727571
traefik;traefik;4275;617;4251;663;3539010;Go;3253762
algorithm-visualizer;algorithm-visualizer;664;36;65;23;110131;JavaScript;92387
caddyserver;caddy;1250;97;2790;132;1510890;Go;1493165
danielmiessler;SecLists;1297;26;156;200;133140;PHP;53627
fighting41love;funNLP;124;21;29;8;365;Python;365
styled-components;styled-components;3302;77;2439;295;425264;TypeScript;358639
cypress-io;cypress;16323;2127;7482;332;12673815;JavaScript;8940147
MunGell;awesome-for-beginners;431;65;3;267;0;None;0
vitejs;vite;3703;909;2778;495;1067311;TypeScript;803283
fffaraz;awesome-cpp;1484;395;164;322;0;None;0
anuraghazra;github-readme-stats;502;256;555;190;167002;JavaScript;166493
pixijs;pixijs;5905;108;4643;384;2683770;TypeScript;2551588
dcloudio;uni-app;9511;920;2078;190;4153143;JavaScript;3237446
chinese-poetry;chinese-poetry;541;75;79;47;33811;JavaScript;31293
nodejs;node-v0.x-archive;2;571;5845;2;0;None;0
GitSquared;edex-ui;1428;6;553;60;469044;JavaScript;411622
discourse;discourse;44471;43;15629;805;21588930;Ruby;12988733
hoppscotch;hoppscotch;4121;53;679;180;1252974;Vue;632662
PhilJay;MPAndroidChart;2070;2048;2843;69;1317015;Java;1317015
obsproject;obs-studio;10532;652;1492;481;10302398;C;5651730
ethereum;go-ethereum;13169;336;6021;716;13259487;Go;11883548
pi-hole;pi-hole;5035;33;2440;203;464941;Shell;358928
bradtraversy;design-resources-for-developers;1853;1;68;330;0;None;0
hexojs;hexo;3516;79;3695;160;750624;JavaScript;750566
adobe;brackets;17847;2791;3;372;15791861;JavaScript;13258040
Avik-Jain;100-Days-Of-ML-Code;109;60;17;7;0;None;0
ocornut;imgui;6841;713;3240;280;3308863;C++;2904862
tiimgreen;github-cheat-sheet;505;17;41;83;0;None;0
slatedocs;slate;675;36;546;126;70439;SCSS;30771
fastlane;fastlane;16282;186;3;1208;7390469;Ruby;6063800
AFNetworking;AFNetworking;2943;84;3059;318;711746;Objective-C;688555
vuetifyjs;vuetify;11680;1039;3;706;3502595;TypeScript;1899876
shadowsocks;shadowsocks;1;448;142;8;173709;Python;157279
FiloSottile;mkcert;152;110;202;37;43665;Go;43665
0voice;interview_internal_reference;339;29;18;27;1228;Python;1228
alvarotrigo;fullPage.js;1906;212;3627;137;393900;JavaScript;367300
swisskyrepo;PayloadsAllTheThings;1352;19;389;181;235687;Python;203302
php;php-src;127786;329;166;855;108899225;C;80719373
dypsilon;frontend-dev-bookmarks;390;114;79;103;0;None;0
grpc;grpc;50563;1058;9240;708;27153626;C++;15322355
huginn;huginn;3428;604;1400;211;1655407;Ruby;1467474
isocpp;CppCoreGuidelines;2012;197;778;294;14727;Python;9035
Leaflet;Leaflet;7146;512;4329;716;937965;JavaScript;786176
sahat;hackathon-starter;2541;54;583;183;176018;JavaScript;94775
videojs;video.js;3798;411;4304;412;1513478;JavaScript;1463101
gulpjs;gulp;1197;29;1836;248;17347;JavaScript;17347
kamranahmedse;design-patterns-for-humans;134;15;44;43;0;None;0
apachecn;AiLearning;207;2;100;41;958219;Python;894998
yangshun;front-end-interview-handbook;557;16;61;143;49061;JavaScript;41985
airbnb;lottie-android;1412;16;1386;115;1079229;Java;747625
shadowsocks;shadowsocks-android;3630;30;2343;41;556133;Kotlin;534526
BVLC;caffe;4156;1179;3882;269;3678623;C++;2945020
CorentinJ;Real-Time-Voice-Cloning;294;36;3;17;252952;Python;252952
koajs;koa;1150;62;826;224;173014;JavaScript;173014
pandas-dev;pandas;29119;3395;18838;2537;20046082;Python;18088669
bumptech;glide;2636;337;3751;133;3135204;Java;3119540
exacity;deeplearningbook-chinese;730;62;136;16;1725188;TeX;1720830
jakevdp;PythonDataScienceHandbook;234;176;65;16;20355844;Jupyter Notebook;20301493
google;material-design-lite;2872;390;1802;177;796389;HTML;291550
Alvin9999;new-pac;834;292;892;8;0;None;0
ryanoasis;nerd-fonts;1271;250;323;130;480464;CSS;195750
commaai;openpilot;6003;194;1360;282;3792463;Python;1966061
ngosang;trackerslist;2256;3;306;2;0;None;0
willmcgugan;rich;2818;37;670;152;1160204;Python;1159125
immutable-js;immutable-js;1689;111;1112;204;609581;TypeScript;348583
apache;spark;32518;244;35471;1791;60737775;Scala;40295712
quilljs;quill;5255;1194;1884;127;409998;JavaScript;390378
microsoft;playwright;7172;428;4144;205;5264762;TypeScript;4660302
alex;what-happens-when;294;162;19;72;0;None;0
zenorocha;clipboard.js;382;4;587;60;21563;JavaScript;21369
floodsung;Deep-Learning-Papers-Reading-Roadmap;114;86;4;28;4593;Python;4593
RocketChat;Rocket.Chat;21037;3203;11406;775;9994843;JavaScript;5795856
PowerShell;PowerShell;9258;3206;6788;395;36149631;C#;30826082
lerna;lerna;2218;772;1488;253;956950;JavaScript;954939
blueimp;jQuery-File-Upload;1265;49;3258;99;142998;PHP;60228
XX-net;XX-Net;2285;7769;5180;70;22473359;Python;21976979
ant-design;ant-design-pro;2368;153;8011;282;216424;TypeScript;199045
photonstorm;phaser;17143;148;3703;520;8939698;JavaScript;8903660
wg;wrk;80;160;252;8;210525;C;202017
Kong;kong;8008;315;3573;276;6871795;Lua;6284391
sharkdp;bat;2311;140;894;265;279887;Rust;267357
akullpp;awesome-java;1587;6;109;315;0;None;0
Trinea;android-open-project;954;27;68;116;0;None;0
jondot;awesome-react-native;2193;54;34;578;1214;JavaScript;679
minio;minio;9281;22;5800;341;7105130;Go;7058609
rclone;rclone;6019;729;3664;494;5464939;Go;5339798
preactjs;preact;4993;225;3;285;950167;JavaScript;911721
hashicorp;terraform;29570;1595;16827;1590;9426480;Go;9364249
open-guides;og-aws;1036;139;86;213;928;Shell;928
typescript-cheatsheets;react;917;2;3;143;22440;JavaScript;21233
NationalSecurityAgency;ghidra;6400;1301;1863;175;97222618;Java;83743851
testerSunshine;12306;435;270;3;23;191949;Python;190210
iperov;DeepFaceLab;1303;399;724;19;900013;Python;900013
Homebrew;brew;30731;32;3424;845;6014710;Ruby;5623089
Blankj;AndroidUtilCode;1404;159;1245;34;2672349;Java;2360661
NervJS;taro;7861;856;7532;394;4296588;TypeScript;2332230
shadowsocks;ShadowsocksX-NG;584;252;1025;29;171168;Swift;112866
google-research;bert;111;841;343;28;280823;Python;214335
pingcap;tidb;16872;2949;8543;725;28842806;Go;28029842
xitu;gold-miner;11326;48;3;524;0;None;0
faif;python-patterns;806;11;65;106;124321;Python;122024
bilibili;ijkplayer;2627;2717;2491;44;2417910;C;1388189
getsentry;sentry;41336;463;4546;537;30919631;Python;17899691
nolimits4web;swiper;2947;163;4136;220;549587;JavaScript;430299
ventoy;Ventoy;620;302;897;56;11090887;C;9347929
evanw;esbuild;2906;243;1573;78;4272319;Go;3395291
google;styleguide;455;295;106;72;903704;HTML;588333
geekxh;hello-algorithm;393;4;32;6;73641;Java;73641
agalwood;Motrix;1006;496;476;55;811446;JavaScript;569181
kelseyhightower;kubernetes-the-hard-way;285;131;287;52;0;None;0
nativefier;nativefier;1146;188;890;123;269452;TypeScript;225687
carbon-app;carbon;1763;16;3;169;316992;JavaScript;316707
GokuMohandas;MadeWithML;20;3;32;8;2908824;Jupyter Notebook;2908824
foundation;foundation-sites;17200;35;8098;1038;1333033;HTML;753369
d2l-ai;d2l-zh;3920;17;1072;206;433257;Python;306061
facebook;docusaurus;4683;187;1950;823;1815708;TypeScript;1691962
jaredpalmer;formik;1703;686;1479;412;368301;TypeScript;340743
wagoodman;dive;412;117;143;38;235704;Go;229122
istio;istio;17470;644;14762;780;11685828;Go;11438221
serhii-londar;open-source-mac-os-apps;1219;51;131;260;12668;Swift;12152
joshbuchea;HEAD;365;20;73;63;0;None;0
dkhamsing;open-source-ios-apps;5893;2;231;306;70548;Swift;25158
vuejs;vue-cli;3485;896;4409;471;1313514;JavaScript;985212
zxing;zxing;3645;7;1138;114;2680488;Java;2578522
lukehoban;es6features;109;38;36;38;0;None;0
iina;iina;2927;1308;1684;94;1058587;Swift;937768
AobingJava;JavaFamily;215;0;58;2;0;None;0
ariya;phantomjs;1958;15;4721;371;782125;C++;307734
brillout;awesome-react-components;770;1;40;200;0;None;0
eugenp;tutorials;24002;67;533;816;26347177;Java;20791773
sherlock-project;sherlock;1633;141;510;140;70161;Python;69476
BurntSushi;ripgrep;1637;144;1205;297;1492079;Rust;1406204
certbot;certbot;10425;584;4441;445;3255916;Python;3067198
SheetJS;sheetjs;605;77;2098;168;3214023;JavaScript;3007585
unknwon;the-way-to-go_ZH_CN;1404;26;654;240;336715;Go;318162
bayandin;awesome-awesomeness;572;18;49;244;1783;Ruby;1783
golang-standards;project-layout;175;76;25;39;34;Makefile;34
netty;netty;10748;485;5276;561;18411414;Java;18137489
skylot;jadx;1683;202;828;71;3476836;Java;3300460
react-boilerplate;react-boilerplate;1457;91;1813;219;246900;JavaScript;234270
dylanaraps;pure-bash-bible;263;49;30;21;6805;Shell;6805
formulahendry;955.WLB;50;183;68;15;0;None;0
microsoft;ML-For-Beginners;1429;11;120;106;10572746;Jupyter Notebook;10504899
alibaba;arthas;1716;218;1292;153;3842189;Java;2091337
CSSEGISandData;COVID-19;5570;1867;1874;8;0;None;0
gorhill;uBlock;9677;35;3416;97;2290832;JavaScript;1990495
jashkenas;backbone;3448;71;2350;321;505681;JavaScript;282774
nlohmann;json;4320;58;1932;218;3242161;C++;3152326
chubin;cheat.sh;892;93;103;50;262930;Python;176985
satwikkansal;wtfpython;485;59;112;67;23344;Python;23344
date-fns;date-fns;1872;361;3;367;2515241;TypeScript;2349795
codepath;android_guides;62;158;216;9;0;None;0
tastejs;todomvc;2905;187;628;323;174961;JavaScript;140917
fxsjy;jieba;523;634;209;40;14120514;Python;7349705
shengxinjing;programmer-job-blacklist;147;153;178;15;104;Shell;104
beego;beego;4549;23;3106;368;2156409;Go;2155421
Homebrew;legacy-homebrew;63882;0;17037;5000;0;None;0
FFmpeg;FFmpeg;105868;3;378;1230;63526481;C;58331499
caolan;async;1855;13;1092;230;625776;JavaScript;599795
microsoft;monaco-editor;2782;615;2104;189;24661306;JavaScript;20013178
go-gitea;gitea;12924;1995;6853;990;10894987;Go;7750056
google;leveldb;415;207;511;54;906874;C++;862159
mathiasbynens;dotfiles;761;187;238;122;113837;Shell;64012
kenwheeler;slick;921;1339;2357;147;117096;JavaScript;89981
aosabook;500lines;3297;57;39;61;1698456;JavaScript;837088
koalaman;shellcheck;1802;744;1395;126;678760;Haskell;654482
freeCodeCamp;devdocs;4394;120;881;165;1444825;Ruby;1124027
vuejs;vuex;1199;118;1131;311;139780;JavaScript;127616
laurent22;joplin;7518;323;4065;464;7606762;TypeScript;4295938
square;leakcanary;1829;97;1302;125;1244162;Kotlin;1243603
jgraph;drawio;1725;222;2066;30;11688181;JavaScript;11463435
streamich;react-use;2910;457;210;169;461984;TypeScript;459466
metabase;metabase;22841;2215;8493;296;18025591;Clojure;9252088
ityouknow;spring-boot-examples;173;11;97;8;251187;Java;229308
dotnet;aspnetcore;48980;2308;22857;1016;56813169;C#;48852506
cli;cli;5296;373;2163;293;2277093;Go;2271497
alibaba;p3c;288;89;682;35;620279;Kotlin;322607
typeorm;typeorm;4929;1464;5110;793;6726690;TypeScript;6707109
markedjs;marked;2677;49;1175;138;519214;JavaScript;427930
crossoverJie;JCSprout;709;40;59;23;173963;Java;173963
jeecgboot;jeecg-boot;617;31;3;9;13414112;Java;13253664
standard;standard;1916;87;1100;170;4278;JavaScript;3567
vuejs;vue-next;4203;550;2371;304;2929209;TypeScript;2840543
vlang;v;12464;721;4769;514;7130187;V;7055174
sorrycc;awesome-javascript;775;36;75;275;0;None;0
fzaninotto;Faker;2632;243;494;452;10081160;PHP;10080422
jashkenas;underscore;2775;50;1367;279;531974;JavaScript;358287
symfony;symfony;59720;747;3;2555;38421706;PHP;37918503
go-gorm;gorm;2395;46;4192;288;807090;Go;805408
ReactiveX;rxjs;4957;247;3;498;3951420;TypeScript;3560174
mastodon;mastodon;11264;2071;4466;661;4847811;Ruby;2765336
apolloconfig;apollo;2657;121;2609;107;4107805;Java;3243162
amix;vimrc;441;28;3;75;4718146;Vim script;3758989
gto76;python-cheatsheet;2187;32;35;11;1685625;Python;848493
ziadoz;awesome-php;1550;112;117;267;0;None;0
Tencent;weui;673;46;604;22;390686;HTML;190785
LeCoupa;awesome-cheatsheets;709;50;39;119;523621;JavaScript;273437
openai;gym;1533;104;1404;336;727935;Python;726748
composer;composer;11380;185;3;888;6778378;PHP;6778224
elsewhencode;project-guidelines;165;11;28;74;1406;JavaScript;1406
airbnb;lottie-web;2222;802;1774;77;5452692;JavaScript;5450023
houshanren;hangzhou_house_knowledge;73;105;7;7;280864;CSS;160321
rapid7;metasploit-framework;63477;500;4519;919;38822756;Ruby;36720043
atlassian;react-beautiful-dnd;795;506;998;125;1762117;JavaScript;1761914
JakeWharton;butterknife;1016;113;1074;97;581548;Java;546650
junegunn;vim-plug;681;90;3;57;86295;Vim script;82854
raywenderlich;swift-algorithm-club;2534;50;180;256;1025631;Swift;1020110
IanLunn;Hover;130;37;82;21;192458;CSS;170758
laravel;framework;33208;17;15784;2748;9022578;PHP;8972277
postcss;postcss;3692;12;845;356;269012;TypeScript;152790
herrbischoff;awesome-macos-command-line;1;0;181;81;0;None;0
ZuzooVn;machine-learning-for-software-engineers;296;21;3;36;0;None;0
webtorrent;webtorrent;3088;106;1392;160;236925;JavaScript;236315
vim;vim;15593;1187;4914;99;30956760;Vim script;15562037
pyenv;pyenv;2802;43;1367;337;500076;Roff;247144
excalidraw;excalidraw;2510;610;1248;183;1549456;TypeScript;1391311
poteto;hiring-without-whiteboards;1734;30;1174;945;20;JavaScript;20
sentsin;layui;335;748;125;17;624492;JavaScript;507814
mitmproxy;mitmproxy;9653;290;2508;370;2497520;Python;2070192
nvie;gitflow;401;310;123;37;6641;Shell;6641
sequelize;sequelize;9207;841;8824;1005;3792254;JavaScript;3619869
tauri-apps;tauri;2343;141;922;145;1377149;Rust;1183245
Developer-Y;cs-video-courses;274;7;52;60;0;None;0
request;request;2270;117;2130;312;308383;JavaScript;305377
proxyee-down-org;proxyee-down;474;212;33;9;270056;Java;159918
Eugeny;tabby;4783;824;2190;79;973531;TypeScript;756195
naptha;tesseract.js;627;124;373;56;58227;JavaScript;56001
supabase;supabase;5192;261;854;324;2188205;TypeScript;1583616
select2;select2;2635;77;4621;490;202618;JavaScript;168759
rethinkdb;rethinkdb;33438;1418;3;162;23232681;C++;17633554
VincentGarreau;particles.js;235;338;89;14;43009;JavaScript;43009
mqyqingfeng;Blog;285;173;94;2;0;None;0
github;fetch;654;17;570;73;76346;JavaScript;75921
niklasvh;html2canvas;1066;746;1620;50;687999;TypeScript;400749
Modernizr;Modernizr;2600;184;1307;291;507337;JavaScript;500698
angular;angular-cli;8956;256;13299;560;3216543;TypeScript;3020575
typicode;husky;814;12;797;92;7112;JavaScript;6963
lib-pku;libpku;132;13;30;15;292805;TeX;290608
aria2;aria2;5290;893;733;55;5990659;C++;5662370
jesseduffield;lazygit;2960;303;666;133;1230281;Go;1171516
alibaba;druid;6513;2300;1322;164;20618412;Java;20116047
facebookresearch;Detectron;141;322;614;34;725828;Python;674867
transloadit;uppy;8655;77;3;316;1760678;JavaScript;1486131
danielgindi;Charts;1736;820;3216;138;1262769;Swift;1063591
react-hook-form;react-hook-form;3135;16;3;205;1189090;TypeScript;1177629
jgraph;drawio-desktop;505;98;707;12;4514;Shell;2962
hasura;graphql-engine;4022;1805;3081;417;11623650;Haskell;4314083
acmesh-official;acme.sh;4529;853;1620;351;1086837;Shell;1085268
Advanced-Frontend;Daily-Interview-Question;252;244;291;6;101122;JavaScript;101122
nylas;nylas-mail;6116;1015;2434;100;6267931;JavaScript;3304557
mobxjs;mobx;3109;19;1772;274;1368873;TypeScript;738696
hankcs;HanLP;1625;5;1315;34;2592368;Python;2090643
cheeriojs;cheerio;1836;25;1033;124;511805;TypeScript;376691
tabler;tabler;1909;69;469;63;464721;HTML;302835
denysdovhan;wtfjs;378;13;85;75;1931;JavaScript;1931
2dust;v2rayN;411;21;1841;17;447216;C#;447216
geekcompany;ResumeSample;26;11;8;3;0;None;0
docker;compose;3156;743;5419;75;468448;Go;452512
tannerlinsley;react-query;1451;29;854;401;699187;TypeScript;694636
spf13;cobra;878;301;645;239;454835;Go;453371
google;googletest;3857;212;1706;352;3300911;C++;2972986
geekcomputers;Python;2622;227;94;604;1291120;Python;996240
donnemartin;interactive-coding-challenges;790;67;29;42;1450142;Python;1449488
harness;drone;3987;52;1328;295;1665800;Go;1665557
trailofbits;algo;1111;109;1372;160;128771;Jinja;62464
GitbookIO;gitbook;2377;1012;316;99;380713;JavaScript;380713
xkcoding;spring-boot-demo;733;93;71;9;707390;Java;613746
jgm;pandoc;15313;811;5434;416;4115782;Haskell;3618651
johnpapa;angular-styleguide;1136;80;361;184;0;None;0
apache;airflow;15269;896;4270;1966;20927751;Python;19659104
google;zx;234;9;188;31;25557;JavaScript;25557
realpython;python-guide;2305;104;173;417;4456;Batchfile;4273
codemirror;CodeMirror;7048;440;3639;838;3452186;JavaScript;2782206
alibaba;fastjson;3939;1794;1570;176;7500703;Java;7491221
psf;black;1281;318;1553;310;4883627;Python;4871142
0xAX;linux-insides;1830;52;132;276;2638;Python;1786
scwang90;SmartRefreshLayout;1092;222;1191;3;1126845;Java;1123426
cmderdev;cmder;1340;25;2094;134;38691;C++;23837
ianstormtaylor;slate;3785;481;2324;464;856399;TypeScript;828730
hashicorp;vagrant;14136;649;8504;969;4430016;Ruby;4285272
ggreer;the_silver_searcher;2057;512;402;216;298206;C;241439
marktext;marktext;1589;622;1477;136;1636760;JavaScript;1243855
bvaughn;react-virtualized;1985;445;709;200;786506;JavaScript;765230
CMU-Perceptual-Computing-Lab;openpose;692;138;1627;92;2528405;C++;2242422
lenve;vhr;157;186;91;2;463668;Java;463668
curl;curl;28325;66;3178;803;8466142;C;6480978
gitlabhq;gitlabhq;107755;35;3605;1970;73794551;Ruby;49567348
chakra-ui;chakra-ui;7915;141;2310;492;1512556;TypeScript;1491345
hammerjs;hammer.js;1199;310;759;87;251368;JavaScript;219420
nagadomi;waifu2x;746;138;196;32;406989;Lua;241643
VundleVim;Vundle.vim;629;203;548;63;47368;Vim script;46945
cockroachdb;cockroach;67071;4772;34932;549;60806152;Go;54637613
kubernetes;minikube;18251;685;6636;718;5014977;Go;2794552
powerline;fonts;202;169;92;59;3069;Shell;1683
alebcay;awesome-shell;637;78;19;253;0;None;0
OAI;OpenAPI-Specification;1927;529;1321;194;22608;JavaScript;15808
StreisandEffect;streisand;1424;240;929;139;63365;Shell;41039
influxdata;influxdb;35083;1429;10915;428;12658028;Go;12523433
pypa;pipenv;7301;524;3082;353;7960713;Python;7806141
ccxt;ccxt;49958;664;6139;541;21302703;JavaScript;7569423
CymChad;BaseRecyclerViewAdapterHelper;1210;458;2879;37;352913;Java;196381
halfrost;LeetCode-Go;1233;10;3;40;1557899;Go;1435856
yunjey;pytorch-tutorial;173;84;112;27;72515;Python;72066
encode;django-rest-framework;8509;236;3608;1120;1592854;Python;1448771
byoungd;English-level-up-tips-for-Chinese;227;12;50;22;0;None;0
hashicorp;vault;14781;1116;3910;1036;13890158;Go;10638604
wuyouzhuguli;SpringAll;140;23;25;2;811643;Java;752028
SeleniumHQ;selenium;27981;111;7845;619;18498849;Java;6410627
angular;components;9402;1945;11291;605;12991312;TypeScript;10763406
Binaryify;NeteaseCloudMusicApi;1142;105;3;64;179492;JavaScript;164387
topjohnwu;Magisk;5628;51;3940;234;1163254;C++;556564
Netflix;Hystrix;2109;392;678;109;3425715;Java;3375198
sindresorhus;awesome-electron;543;0;40;285;0;None;0
dokku;dokku;7524;45;2302;440;1137499;Shell;696756
cfenollosa;os-tutorial;147;100;86;12;213731;C;109883
alibaba;easyexcel;767;125;1981;38;1303971;Java;1303971
harvesthq;chosen;1283;299;2120;104;301752;HTML;185210
balderdashy;sails;7143;520;5835;236;1352981;JavaScript;1352809
pure-css;pure;718;0;562;65;395336;JavaScript;190015
emberjs;ember.js;21318;425;6200;885;4555556;JavaScript;3373816
heartcombo;devise;3769;191;3951;549;605946;Ruby;589182
hollischuang;toBeTopJavaer;265;34;61;37;749;Java;749
donnemartin;data-science-ipython-notebooks;543;22;21;12;19491231;Python;19488744
mbeaudru;modern-js-cheatsheet;159;10;37;69;0;None;0
doczjs;docz;1604;117;1122;133;221401;TypeScript;135421
dmlc;xgboost;5688;292;4066;525;4878975;C++;2058940
Dreamacro;clash;719;65;1265;72;526327;Go;522499
redux-saga;redux-saga;1902;81;1391;324;332967;JavaScript;273675
explosion;spaCy;15330;102;4965;589;4572590;Python;3502985
pmndrs;react-spring;3234;52;1007;138;369726;TypeScript;361577
balena-io;etcher;2968;347;1517;69;386520;TypeScript;377561
littlecodersh;ItChat;188;247;607;17;122052;Python;122052
go-kit;kit;1514;43;510;194;745407;Go;744819
pjreddie;darknet;452;1902;526;8;932549;C;843257
fouber;blog;94;10;4;2;0;None;0
sqlmapproject;sqlmap;9911;54;4557;102;2064688;Python;2027973
syl20bnr;spacemacs;12222;440;7688;1131;3764741;Emacs Lisp;3718509
t4t5;sweetalert;361;176;543;61;93715;TypeScript;46357
firstcontributions;first-contributions;38491;1675;339;5000;0;None;0
mdbootstrap;mdb-ui-kit;1447;2;1134;107;290642;JavaScript;145847
tj;commander.js;1130;4;867;166;453599;JavaScript;432933
react-native-elements;react-native-elements;2227;65;1837;348;715583;TypeScript;676098
immerjs;immer;1242;36;530;149;289401;JavaScript;140972
ovity;octotree;718;43;680;66;281431;JavaScript;203267
fastai;fastai;1880;113;1459;667;60455692;Jupyter Notebook;59789910
Polymer;polymer;6857;282;3648;148;1933733;HTML;1223528
kahun;awesome-sysadmin;515;261;26;141;0;None;0
signalapp;Signal-Android;9161;448;9044;257;14482967;Java;12246997
Tencent;wepy;2381;380;1783;169;500704;JavaScript;487832
reduxjs;react-redux;1053;22;3;265;329387;TypeScript;299627
mattermost;mattermost-server;14520;769;5687;674;12487404;Go;12078334
huihut;interview;365;5;39;22;79659;C++;71930
kataras;iris;2348;69;3;88;2534940;Go;2363883
facebook;flow;13195;2484;4180;733;13278080;OCaml;9082014
fastify;fastify;3148;61;1302;473;1094805;JavaScript;1025337
alibaba;canal;1464;895;2677;154;3564691;Java;3373599
ramda;ramda;2962;145;1427;305;734159;JavaScript;732930
lukasz-madon;awesome-remote-job;1005;24;39;396;0;None;0
matteocrippa;awesome-swift;3786;0;121;598;29537;Swift;25209
facebook;rocksdb;10802;673;2034;632;21672637;C++;17759225
vuejs;devtools;1920;381;984;111;672365;TypeScript;312914
dimsemenov;PhotoSwipe;393;577;1084;49;196259;JavaScript;122255
github;hub;3315;270;1735;240;725093;Go;358907
dromara;hutool;3312;3;1636;155;6419696;Java;6415217
jamiebuilds;the-super-tiny-compiler;13;17;44;18;41573;JavaScript;41573
guzzle;guzzle;3594;39;1711;369;447221;PHP;436101
seata;seata;1423;639;1965;237;10012481;Java;9732195
MostlyAdequate;mostly-adequate-guide;853;82;202;169;71331;JavaScript;70237
swagger-api;swagger-ui;5360;724;4063;455;1263280;JavaScript;1191758
markerikson;react-redux-links;401;31;22;56;0;None;0
vapor;vapor;5586;93;1385;201;1019296;Swift;952888
facebook;draft-js;1147;930;963;246;900753;JavaScript;889652
ReactiveX;RxSwift;3617;14;1152;322;3399872;Swift;3192044
inconshreveable;ngrok;328;345;417;24;156150;Go;113076
lovell;sharp;1590;102;2687;154;926460;JavaScript;619908
Wox-launcher;Wox;2749;806;2397;106;650365;C#;637512
emscripten-core;emscripten;23862;1217;6247;628;27567859;C;12055622
labstack;echo;1598;58;1196;225;763139;Go;761888
android;architecture-components-samples;602;172;534;63;766626;Kotlin;520626
ClickHouse;ClickHouse;83943;2017;8941;936;73862336;C++;58139509
kriasoft;react-starter-kit;3;7;1165;8;89977;TypeScript;72183
matterport;Mask_RCNN;203;1828;801;42;199107;Python;199107
SwiftyJSON;SwiftyJSON;739;131;573;137;162684;Swift;160612
feathericons;feather;634;452;221;35;16833;JavaScript;16326
bevacqua;dragula;366;149;406;39;72433;JavaScript;55643
mochajs;mocha;3558;263;2567;474;1131075;JavaScript;1124559
rollup;rollup;4854;383;2390;296;4076700;JavaScript;3335623
google;iosched;3101;65;186;56;1503521;Kotlin;1457052
beurtschipper;Depix;38;7;22;8;16953;Python;16953
google-research;google-research;2946;609;223;402;114911357;Jupyter Notebook;63241333
alibaba;spring-cloud-alibaba;2049;376;1291;125;1455190;Java;1452885
iamadamdev;bypass-paywalls-chrome;592;0;997;53;67564;JavaScript;62013
stedolan;jq;1340;733;1265;128;1844265;C;1725403
mongodb;mongo;63490;59;1376;572;93789081;C++;68440910
veggiemonk;awesome-docker;2824;0;113;353;0;None;0
sampotts;plyr;2205;733;1143;163;284590;JavaScript;237057
helm;helm;6503;484;5985;546;1669921;Go;1629795
mbadolato;iTerm2-Color-Schemes;624;13;71;157;257649;Shell;178398
openfaas;faas;2033;33;737;161;225443;Go;163698
usablica;intro.js;1149;48;681;101;323872;JavaScript;146201
googlehosts;hosts;601;64;3;9;0;None;0
NativeScript;NativeScript;6786;915;3;219;4870617;TypeScript;3918602
paularmstrong;normalizr;454;38;279;62;60076;JavaScript;54968
alibaba;nacos;3946;691;4703;223;8357262;Java;8258186
nocodb;nocodb;2194;227;416;75;5520281;Vue;2316400
fabricjs;fabric.js;4389;281;5092;266;2292443;JavaScript;2290758
rust-lang;rustlings;1048;112;270;209;131030;Rust;123902
jesseduffield;lazydocker;552;117;84;47;291486;Go;285848
facebook;folly;10535;354;600;646;16199803;C++;15368307
nsqio;nsq;2217;63;546;119;656160;Go;538675
komeiji-satori;Dress;1477;113;3;330;11012;Standard ML;6986
apache;kafka;9788;932;10919;871;41821272;Java;30941714
react-navigation;react-navigation;1756;484;8056;140;1207596;TypeScript;1179572
tqdm;tqdm;1906;341;544;106;337046;Python;281730
eriklindernoren;ML-From-Scratch;374;45;36;6;251183;Python;251183
kilimchoi;engineering-blogs;1705;52;74;335;3438;Ruby;3438
PKUanonym;REKCARC-TSC-UHT;134;10;14;45;27284436;HTML;10949956
HeroTransitions;Hero;532;181;406;73;314940;Swift;280798
bilibili;flv.js;431;388;3;17;313823;JavaScript;313622
pugjs;pug;2572;266;2258;252;335720;JavaScript;263313
starship;starship;2002;370;1025;348;1003801;Rust;956013
halo-dev;halo;2094;72;996;77;2018304;Java;1741949
google;python-fire;259;135;147;45;377149;Python;375704
wsargent;docker-cheat-sheet;431;6;22;95;0;None;0
chenglou;react-motion;809;188;248;72;108206;JavaScript;107704
servo;servo;44381;3442;8229;1121;0;None;0
conwnet;github1s;295;49;123;36;2140459;JavaScript;1364442
portainer;portainer;2965;844;3234;217;5618294;JavaScript;1833642
google;gson;1645;634;967;123;1330243;Java;1330243
Meituan-Dianping;mpvue;2328;471;1264;135;2551383;JavaScript;2511342
ColorlibHQ;gentelella;449;48;610;61;2333404;HTML;1484289
SwiftGGTeam;the-swift-programming-language-in-chinese;2491;3;394;218;2480;CSS;2270
vercel;swr;593;71;513;131;275419;TypeScript;274894
tornadoweb;tornado;4395;233;1507;357;1558276;Python;1551877
AllThingsSmitty;css-protips;337;11;44;34;0;None;0
ruanyf;weekly;404;1723;434;27;0;None;0
react-bootstrap;react-bootstrap;4303;170;3103;434;867354;TypeScript;608924
meilisearch;MeiliSearch;3347;50;825;74;683677;Rust;671227
jlmakes;scrollreveal;949;20;450;22;51538;JavaScript;51538
xuxueli;xxl-job;1694;891;1633;54;767055;Java;766528
BradLarson;GPUImage;1082;992;1308;130;1221089;Objective-C;1218233
bregman-arie;devops-exercises;571;17;36;76;18853;Python;16004
localForage;localForage;1122;220;489;104;296831;JavaScript;273016
facebookarchive;pop;310;59;211;58;405528;Objective-C++;240788
datasciencemasters;go;296;86;23;37;0;None;0
viraptor;reverse-interview;181;25;14;45;0;None;0
ApolloAuto;apollo;18068;1118;2465;286;23471781;C++;19612623
apache;incubator-mxnet;11799;1985;7709;870;24573092;C++;11845778
enzymejs;enzyme;1973;288;1490;366;929386;JavaScript;929172
yeasy;docker_practice;1185;2;194;99;6967500;Go;6967500
vuejs;vuepress;2123;526;1387;367;403252;JavaScript;223209
ruanyf;es6tutorial;2040;1;533;207;25703;JavaScript;15257
zsh-users;zsh-autosuggestions;530;105;401;47;84411;Shell;53109
eslint;eslint;8352;102;8854;880;11405639;JavaScript;11400667
dnSpy;dnSpy;3932;185;83;69;20028186;C#;19981441
viatsko;awesome-vscode;680;58;23;179;250;JavaScript;250
nicolargo;glances;4242;217;1237;136;949581;Python;828813
SamyPesse;How-to-Make-a-Computer-Operating-System;243;84;27;37;696022;C;518507
JohnCoates;Aerial;1303;44;893;54;836317;Swift;834185
haizlin;fe-interview;1230;4924;14;6;2861414;JavaScript;1649232
Reactive-Extensions;RxJS;2357;288;643;279;6587632;JavaScript;6057051
jaredhanson;passport;548;332;390;34;248217;JavaScript;247809
withastro;snowpack;3435;376;528;403;1164268;JavaScript;645469
elixir-lang;elixir;18241;23;4618;1092;6924374;Elixir;6377739
ReactiveX;RxAndroid;518;1;340;68;63679;Java;62631
necolas;react-native-web;1789;97;1471;146;246777;JavaScript;220527
ehang-io;nps;700;274;3;31;611212;Go;589943
coder2gwy;coder2gwy;58;108;23;3;0;None;0
sebastianruder;NLP-progress;776;34;65;279;15051;Python;13681
onevcat;Kingfisher;2448;70;1124;164;924838;Swift;868004
youngyangyang04;leetcode-master;3985;110;31;213;0;None;0
tipsy;profile-summary-for-github;219;16;58;10;37902;Vue;20494
sirupsen;logrus;1218;76;3;253;146407;Go;146005
avajs;ava;1899;81;1473;283;573184;JavaScript;561975
railsware;upterm;2998;220;533;64;414998;TypeScript;399197
goldfire;howler.js;886;311;1036;94;131479;JavaScript;120541
libgdx;libgdx;14898;235;3283;528;27431623;Java;14504891
uglide;RedisDesktopManager;2093;34;4461;74;782028;C++;393560
dotnet-architecture;eShopOnContainers;3965;51;1075;149;1654196;C#;942920
StevenBlack;hosts;2873;35;1310;117;133532;Python;128390
sickcodes;Docker-OSX;412;149;187;39;86496;Shell;43925
vercel;pkg;1092;54;1153;56;455537;JavaScript;354898
Seldaek;monolog;2532;48;671;400;792327;PHP;792327
alpinejs;alpine;1669;19;552;188;3173192;HTML;2864565
OWASP;CheatSheetSeries;1392;38;223;251;29390;Python;13281
docsifyjs;docsify;1598;204;883;166;330414;JavaScript;296665
highlightjs;highlight.js;6400;50;3;584;2258389;JavaScript;1427875
facebookresearch;detectron2;1339;162;2721;166;3276197;Python;3063620
n8n-io;n8n;5496;244;503;243;12701436;TypeScript;11582826
parse-community;parse-server;3731;282;3882;295;3897676;JavaScript;3861675
jhipster;generator-jhipster;36990;251;6609;646;7397671;JavaScript;3981224
rwaldron;idiomatic.js;504;49;48;90;0;None;0
afollestad;material-dialogs;2020;109;265;94;283292;Kotlin;283292
numpy;numpy;29258;2280;8347;1280;16458155;Python;10272705
coolsnowwolf;lede;4315;279;6034;289;72191125;C;66459854
homebridge;homebridge;1421;17;2683;108;155980;TypeScript;155452
judasn;IntelliJ-IDEA-Tutorial;469;0;74;28;0;None;0
segmentio;nightmare;993;196;1066;114;149764;JavaScript;146799
zhaoolee;ChromeAppHeroes;785;22;29;3;3963247;JavaScript;3110082
gfwlist;gfwlist;3569;378;1807;9;0;None;0
felixrieseberg;windows95;172;126;95;14;49655;TypeScript;37174
Kong;insomnia;3296;593;2027;234;8066507;JavaScript;4817898
datawhalechina;pumpkin-book;411;17;48;25;0;None;0
floating-ui;floating-ui;1138;17;782;45;285470;TypeScript;204013
xi-editor;xi-editor;2088;145;396;149;1517428;Rust;1457472
MustangYM;WeChatExtension-ForMac;1035;773;762;18;1381924;Objective-C;1362000
notable;notable;458;618;3;21;326;TypeScript;326
youzan;vant;8654;27;3;220;1731008;TypeScript;1052707
js-cookie;js-cookie;817;2;500;49;60443;JavaScript;58176
DrKLO;Telegram;439;483;318;16;111243433;Java;39407197
validatorjs;validator.js;2049;227;770;383;435944;JavaScript;435944
v8;v8;73867;0;57;461;90961209;C++;62486497
verekia;js-stack-from-scratch;568;49;118;40;530;JavaScript;530
michalsnik;aos;259;288;348;20;42260;JavaScript;36437
tsenart;vegeta;668;90;301;54;551926;Go;543902
Homebrew;homebrew-cask;146151;42;3;5000;2935881;Ruby;2899967
benweet;stackedit;313;650;998;9;989108;JavaScript;618612
electron-react-boilerplate;electron-react-boilerplate;1044;33;1569;133;36362;TypeScript;28136
jorgebucaran;hyperapp;1381;12;3;97;19850;JavaScript;19850
ruby;ruby;71289;341;5246;451;52006036;Ruby;32944886
microsoft;cascadia-code;195;68;447;15;21463;Python;21463
drduh;macOS-Security-and-Privacy-Guide;571;18;224;72;2806;Python;2806
mozilla;DeepSpeech;3466;121;1947;136;2241271;C++;1052035
leereilly;games;648;294;80;141;0;None;0
ftlabs;fastclick;408;280;181;46;109920;HTML;83172
davideuler;architecture.of.internet-product;19;10;3;2;785174;HTML;785174
swc-project;swc;2980;249;1321;144;10246353;Rust;7936302
k3s-io;k3s;2188;409;2665;1780;1065318;Go;897756
google;ExoPlayer;12924;562;8359;216;14454610;Java;14315212
libuv;libuv;4942;160;1314;471;2978875;C;2891792
coreybutler;nvm-windows;346;91;517;61;105311;Go;59828
tobiasahlin;SpinKit;262;10;53;16;18285;CSS;14782
trekhleb;homemade-machine-learning;244;21;12;2;7824151;Jupyter Notebook;7778246
ageron;handson-ml2;905;154;280;70;33531376;Jupyter Notebook;33519265
envoyproxy;envoy;10725;1251;5805;838;33717744;C++;31018543
dwmkerr;hacker-laws;445;131;68;77;1342;Shell;1342
ray-project;ray;11513;2363;7301;616;21728697;Python;14486868
TeamStuQ;skill-map;397;77;16;30;18469;HTML;6534
Prinzhorn;skrollr;606;262;533;28;257585;HTML;145812
marmelab;react-admin;11319;108;3388;459;2847732;TypeScript;2701727
Popmotion;popmotion;2996;43;549;63;606466;JavaScript;421563
vuejs;vue-router;1365;114;3;282;210727;JavaScript;204018
zyedidia;micro;2721;608;1152;227;568992;Go;533581
google;web-starter-kit;720;87;535;79;40384;HTML;22283
ryanhanwu;How-To-Ask-Questions-The-Smart-Way;303;7;14;42;768;JavaScript;768
osquery;osquery;6054;511;2417;369;12639359;C++;8169226
dhg;Skeleton;167;142;126;25;11452;CSS;11452
ibraheemdev;modern-unix;74;67;8;10;0;None;0
forem;forem;11072;420;4037;641;7059830;Ruby;3983682
celery;celery;11843;525;4162;1002;2546595;Python;2507058
reduxjs;reselect;705;19;3;90;92841;TypeScript;91160
Awesome-HarmonyOS;HarmonyOS;78;51;31;13;35128593;C;33323982
palantir;blueprint;2214;666;2000;294;4270239;TypeScript;3777948
bitcoinbook;bitcoinbook;3910;88;294;182;849217;AsciiDoc;806168
apache;skywalking;6940;50;4034;391;5451343;Java;5365131
nikitavoloboev;my-mac-os;372;3;71;15;0;None;0
Pierian-Data;Complete-Python-3-Bootcamp;66;125;187;4;35096621;Jupyter Notebook;35094854
ruanyf;jstraining;94;0;41;16;0;None;0
statelyai;xstate;4655;246;879;273;1039372;TypeScript;1012408
didi;DoraemonKit;2167;163;461;84;7825440;Java;4162331
neoclide;coc.nvim;4541;21;2576;199;2544008;TypeScript;2288193
qianguyihao;Web;732;52;117;8;0;None;0
yewstack;yew;2069;105;888;296;759839;Rust;741016
graphql;graphql-js;3125;193;853;178;1811102;TypeScript;1757666
robertdavidgraham;masscan;705;345;150;51;1838842;C;1835731
jenkinsci;jenkins;32142;72;6230;692;13430990;Java;11495382
rancher;rancher;8429;2232;26277;157;12454533;Go;10376471
prisma;prisma;7738;1877;3897;155;2599819;TypeScript;2543705
winstonjs;winston;1433;419;928;344;207311;JavaScript;205562
square;picasso;1482;216;1356;103;419799;Kotlin;405641
bcit-ci;CodeIgniter;10323;12;3197;491;2034797;PHP;1980284
PostgREST;postgrest;2079;170;1063;91;815973;Haskell;707468
ShareX;ShareX;7100;354;4817;196;4473181;C#;4432576
deezer;spleeter;477;126;525;15;156510;Python;138563
PaddlePaddle;PaddleOCR;3947;992;3063;87;2960225;Python;2317096
eligrey;FileSaver.js;329;163;459;56;5649;JavaScript;5649
jcjohnson;neural-style;169;322;144;14;19228;Lua;18853
DIYgod;RSSHub;7028;374;2982;649;5460961;JavaScript;5457677
sebastianbergmann;phpunit;16251;175;2927;428;3138209;PHP;3125516
SnapKit;SnapKit;521;89;459;84;169732;Swift;169114
alibaba;Sentinel;733;489;1363;159;4053909;Java;3632907
ChristosChristofidis;awesome-deep-learning;472;32;14;119;0;None;0
Baseflow;PhotoView;462;194;475;40;52523;Java;52523
SnapKit;Masonry;406;144;332;51;158923;Objective-C;155469
sideway;joi;2296;108;2038;199;1663075;JavaScript;1624158
redisson;redisson;7150;271;3454;106;11320494;Java;11320494
sudheerj;reactjs-interview-questions;344;4;49;67;9330;JavaScript;6679
photoprism;photoprism;5350;301;1081;100;5012101;Go;3743568
dotnet;corefx;4;10;24883;717;0;None;0
fish-shell;fish-shell;15357;477;5715;700;3997110;C++;2846195
nostalgic-css;NES.css;827;58;138;60;98139;SCSS;77617
zhiwehu;Python-programming-exercises;23;146;11;2;0;None;0
microsoft;api-guidelines;394;87;77;63;0;None;0
remoteintech;remote-jobs;1637;28;101;629;51333;JavaScript;34645
schollz;croc;1634;78;239;66;150574;Go;122014
tmrts;go-patterns;72;61;11;11;12193;Go;12193
eugeneyan;applied-ml;388;2;18;35;0;None;0
wenyan-lang;wenyan;914;177;304;57;451254;TypeScript;393712
bazelbuild;bazel;32006;2465;7236;756;50236008;Java;42214998
alibaba;weex;12033;27;1882;196;23229701;C++;10574519
apache;flink;30187;813;18161;1015;106791086;Java;91863651
locustio;locust;3449;19;1262;196;842890;Python;780555
google;eng-practices;66;6;6;12;0;None;0
adobe-fonts;source-code-pro;28;55;159;5;6457;CSS;6457
n0shake;Public-APIs;632;0;46;266;0;None;0
qishibo;AnotherRedisDesktopManager;641;88;554;19;427659;JavaScript;387308
nextcloud;server;61716;2077;11913;795;33553657;PHP;21005025
spf13;viper;480;414;377;137;188466;Go;185957
open-mmlab;mmdetection;1961;510;4807;315;4465886;Python;4416150
wekan;wekan;8687;727;2319;226;3171619;JavaScript;1549753
taichi-dev;taichi;8394;435;1091;160;4691451;C++;3046240
eggjs;egg;980;233;3;186;318792;JavaScript;318439
Awesome-Windows;Awesome;523;85;71;138;0;None;0
jumpserver;jumpserver;6906;169;3899;87;3359055;Python;2935423
airyland;vux;2620;391;2926;124;1318404;Vue;736201
chalk;chalk;328;0;312;52;22128;JavaScript;16449
SpaceVim;SpaceVim;5300;86;2182;290;25322046;Vim script;23124944
python-poetry;poetry;2056;1288;2442;337;1647928;Python;1413578
pytorch;examples;571;329;248;175;318638;Python;252020
academic;awesome-datascience;834;3;40;171;0;None;0
telegramdesktop;tdesktop;11959;717;10050;145;13103511;C++;12648806
vadimdemedes;ink;504;69;212;90;154292;TypeScript;150186
FelisCatus;SwitchyOmega;606;554;1681;62;443954;CoffeeScript;340628
dracula;dracula-theme;490;51;446;66;0;None;0
jaywcjlove;linux-command;859;34;3;97;1525939;Markdown;1473380
go-delve;delve;2214;113;1261;170;5379890;Go;2701201
PHPMailer;PHPMailer;2085;30;1836;231;635510;PHP;631121
nothings;stb;2126;127;593;188;3558187;C;3423825
phoenixframework;phoenix;7130;46;2122;1029;1670587;Elixir;1469466
recharts;recharts;1895;331;3;206;715437;TypeScript;487705
dennybritz;reinforcement-learning;259;107;61;41;2277678;Jupyter Notebook;2210861
nuysoft;Mock;230;307;140;5;353341;JavaScript;351346
taosdata;TDengine;23794;504;2058;173;9136405;C;6595729
wesbos;JavaScript30;378;29;473;113;189734;HTML;164611
websockets;ws;1778;6;1339;175;364216;JavaScript;364216
yuzu-emu;yuzu;20923;941;1599;205;17200586;C++;17041878
1c7;chinese-independent-developer;811;2;61;87;0;None;0
BoostIO;BoostNote-Legacy;4730;500;1900;237;1084174;JavaScript;895071
InterviewMap;CS-Interview-Knowledge-Map;630;42;75;41;0;None;0
asim;go-micro;3642;69;820;156;18955085;Go;18950599
Light-City;CPlusPlusThings;196;73;91;20;378017;C++;370715
gofiber;fiber;3154;32;780;212;1820147;Go;1809869
npm;npm;8342;2167;16502;527;0;None;0
Micropoor;Micro8;127;17;31;3;0;None;0
magenta;magenta;1398;337;570;142;2717687;Python;2694855
PaddlePaddle;Paddle;34325;2778;12225;529;60600860;Python;27969334
uikit;uikit;4968;735;3303;33;2820784;HTML;1244355
jitsi;jitsi-meet;9826;436;4691;341;5812940;JavaScript;4880739
norvig;pytudes;755;21;16;40;18021368;Jupyter Notebook;17660775
HelloZeroNet;ZeroNet;4033;748;1436;119;3785158;JavaScript;1996589
python-telegram-bot;python-telegram-bot;2270;35;3;162;3036601;Python;3035924
facebook;flux;469;7;232;132;68734;JavaScript;66207
lutzroeder;netron;5298;20;752;8;4535389;JavaScript;4357563
mojs;mojs;1677;34;151;21;987744;CoffeeScript;807826
google;flatbuffers;2515;129;1751;525;7323009;C++;2814863
swoole;swoole-src;12440;82;2926;131;5963335;C++;3581821
TheAlgorithms;C-Plus-Plus;1555;70;182;272;1619918;C++;1601005
google;flexbox-layout;370;108;214;28;875354;Kotlin;525275
openssl;openssl;30989;1626;5491;643;29195261;C;21250767
mxgmn;WaveFunctionCollapse;135;0;40;16;32820;C#;32820
facebook;hhvm;47652;651;5276;737;66434671;C++;27043133
dgraph-io;dgraph;5799;104;2318;186;6411875;Go;6053534
microsoft;CNTK;16116;836;2527;201;19787236;C++;10911422
julianshapiro;velocity;895;42;772;50;912147;JavaScript;541573
nosir;cleave.js;423;188;324;70;101490;JavaScript;100392
vnpy;vnpy;6335;9;1861;117;196844;Python;194977
apollographql;apollo-client;10493;618;3673;654;2001410;TypeScript;1971791
codex-team;editor.js;623;386;715;50;578219;TypeScript;498856
svg;svgo;1317;212;901;170;439813;JavaScript;436670
crystal-lang;crystal;13752;1409;5048;441;10836270;Crystal;10652943
mpv-player;mpv;49471;777;6549;358;6933453;C;6061324
ascoders;weekly;851;2;276;62;604;JavaScript;604
urfave;cli;2006;82;567;209;362292;Go;361294
hwdsl2;setup-ipsec-vpn;1009;1;1014;16;211992;Shell;211992
philc;vimium;4423;975;2069;135;613222;JavaScript;544159
alibaba;ice;1715;159;2074;87;816438;TypeScript;574468
CarGuo;GSYVideoPlayer;1404;16;3;17;1461468;Java;1428519
elunez;eladmin;473;22;568;44;837057;Java;755016
sdras;awesome-actions;1243;90;24;280;0;None;0
luong-komorebi;Awesome-Linux-Software;1332;26;100;227;9874;Python;9874
streamlit;streamlit;4614;551;1733;130;4187135;Python;1961736
pbatard;rufus;1876;13;1692;101;3742162;C;3364400
typicode;lowdb;465;0;395;32;11542;JavaScript;11410
mysqljs;mysql;1350;217;1958;126;652282;JavaScript;652282
react-dnd;react-dnd;2206;285;1255;192;569895;TypeScript;534913
nushell;nushell;5057;305;1705;300;3788516;Rust;3765181
rome;tools;2808;58;563;155;2603365;Rust;2011383
SerenityOS;serenity;35224;561;2342;644;28311528;C++;24777741
reduxjs;redux-thunk;164;0;201;48;16434;TypeScript;14734
prisma;prisma1;12488;550;3;250;5404831;Scala;3692512
JacksonTian;fks;219;15;17;56;7602;JavaScript;5200
firecracker-microvm;firecracker;3367;148;1066;157;3785833;Rust;2910809
nostra13;Android-Universal-Image-Loader;1038;447;773;38;348510;Java;348510
elastic;kibana;50846;9730;33993;712;129576010;TypeScript;119340146
MLEveryday;100-Days-Of-ML-Code;321;9;40;19;470790;Jupyter Notebook;453329
defunkt;jquery-pjax;508;92;388;67;84542;JavaScript;77775
slidevjs;slidev;1065;75;251;67;260407;TypeScript;172883
ossrs;srs;8014;181;3;78;5512895;C++;4775477
angular;material;4945;279;8739;394;3210388;JavaScript;2687404
GeekyAnts;NativeBase;5174;325;2764;210;1215070;TypeScript;1188245
jsdom;jsdom;3543;426;1649;291;3515702;JavaScript;2797167
reactnativecn;react-native-guide;157;4;19;39;0;None;0
kelthuzadx;hosts;1260;3;887;79;297073;Rascal;294101
facebook;fresco;3142;176;2058;207;4154437;Java;3646024
freefq;free;3925;208;106;2;0;None;0
dotnet;core;3683;364;4422;288;5074;Shell;5074
less;less.js;2958;156;2619;245;874627;JavaScript;552423
pubkey;rxdb;6734;9;528;140;1696700;TypeScript;1627662
adam-golab;react-developer-roadmap;92;35;19;16;1364;JavaScript;1364
PyTorchLightning;pytorch-lightning;6636;548;4238;633;3900040;Python;3847374
arendst;Tasmota;14908;13;8459;215;69882082;C;49064818
facert;awesome-spider;146;23;15;24;0;None;0
linlinjava;litemall;1151;27;312;53;5380152;Java;3955003
kdeldycke;awesome-falsehood;440;5;22;31;0;None;0
mybatis;mybatis-3;3996;208;1000;186;3287636;Java;3267908
valyala;fasthttp;1456;59;712;140;1038625;Go;1038625
framework7io;framework7;6511;143;3162;139;5134031;JavaScript;2193478
processing;p5.js;9474;209;3024;463;2760924;JavaScript;2645855
basecamp;trix;2640;72;664;37;466368;CoffeeScript;440819
SortableJS;Vue.Draggable;520;183;833;33;100786;JavaScript;55792
you-dont-need;You-Dont-Need-JavaScript;137;36;13;36;21;CSS;21
LingCoder;OnJava8;1331;3;183;125;0;None;0
jtoy;awesome-tensorflow;278;31;10;81;0;None;0
